club_der_jungen_unternehmer,
bozzarts666_999,
energy_book,
dennistraenkle,
derbs_11,
gluecksjournal,
fabiovegli,
gisi_dey,
zrozum,
elliischen,
franziii_vo,
iamjaislaughter,
businessjv1,
inteligenciaparanegocios,
the_powerful_entrepreneur,
petals_by_natashav,
damianeczeg,
ruqayyadaville,
bryanstumbaugh,
milliardarmindset,
irinakage,
martinpetow,
_official_jessi_meli_,
singlebalance,
sina_kay,
lukasiukklaudia98,
hasselnico,
hartmann_89,
xx.maxijac.xx,
kristina_kirsch,
bleuhoneybeautybar,
juliabrunsphotography,
cubanart,
jdlbusiness,
itsyennystyles,
jenhen79,
photosbycloudz,
sigmatech_ve,
theabcsofforex,
uhawan,
moniquesmull,
dr.dphotolab,
oklahomasexy,
jovanka_sabljic,
ml_the_marketer,
0_opas,
stollecomm,
cagri_urban,
ulrikewinzer,
junali1962,
muro_el,
premiersolarcleaning,
runwayofdreams,
nebraska_strongmom,
royallips,
susanna_lisa_,
laurenskuipers,
kami_stylez_jamaica_boutique,
bella_sloan_enterprises,
printprintltd,
tirangagroup,
mario_berka,
blissandthrivefitness,
julien23eljefe,
7afunding,
lillikoisser,
mandy.boehmler,
business.monkeys,
j.u.l.i.e.t.t.a_b,
lz_karrieretag,
karolinevonwilcke_official,
alexgradler,
azimsahu_khan,
taimanabeauty_,
abbiewilkess,
board_business,
zykov_vanya,
b.yovchev,
iaaginc,
kodeycooks,
juantorov,
marcel.storjohann,
frank_schenkewitz,
calingah_,
legacybuildersglobal,
businessandshe,
silkewitkowski,
sven_heidenreich,
trade_with_andre,
financialchakras,
loulah_designs,
thegivingbox.club,
agenceollo,
flyhieeofficial,
jimok_alek,
spiritual_soull,
myexpressinvestment,
jorgegomezgolfcoach,
aktienator,
hoerluchs_unlimited,
annejoy.life,
_millionairemind_,
bk_mobile_reitlehrerin,
hoerluchs_hearthegame,
ole.business,
be_fit_and_strong24,
bauers_speck_muss_weg,
box_pro_mag,
entrepremommy,
criska13_cakes,
fishing_in_the_ozarks,
business_is_diverse,
printklin_ng,
capstonearfinancing,
zwealthy0132,
passionistascommunity,
greenbacksandducats,
ejklauk5,
atulya_js,
mr.milliondollarsmile,
munich.millionaire,
damian.kolnier,
coconutlife_bynina,
loner_ilona,
corinne.nowak,
king.motivation2018,
sandy_scholz_coach,
ariyafoods,
where.is.drew.now,
everythingcrypto_ng,
moncho_designs_,
theflipkingdotcom,
richardtelfofficial,
superchargedj,
yourlifeoptician,
thefitlifegeek,
matteo_mantelmann,
renehagspiel,
yannic_hoppe,
ralf.wende.5,
time.to.change.life,
eyuparamaz,
nagel_julia,
anna.lena_o,
die_rennmaus_vom_dorf,
anny__marry,
kultureshift,
gemmartusa,
cmdesignandprintck,
rightsizefacility,
demurebyvictoria,
gentlemanblue_social,
micheal.reilly.334,
monkgame,
freecryptomoney,
prophecythakyd,
milliardarmindset,
mentalcoach_sonja_volk,
originalrobert,
webseitenpositionierung,
drafbutterfly,
natbizcap,
lcfashionfitstyle,
interlacedinc,
ricksstudios,
hairbyvania,
javi_mendi,
aftaabsiddique,
drbrucy_thought,
gaurav_boss,
julian.pyszny,
owittrock,
rentavision,
merlinhands,
mariienvonsimone,
easy.health_fitness,
localconnecticut,
lumiagenciacriativa,
centurymusicgroup,
pdmcapital,
hesbeidyramos,
n.b.now,
jqc_entrepreneurship5x_daily,
charlotte__nur,
salesproexpo,
vinodkashyap,
squat_to_trot,
sarah99801,
the_mum_on_point,
srabu81,
gabriellesharon,
estelletto,
35dollar.designs,
sereezy,
smagill08,
fxprofitgainer,
rbickler412,
erickinoti,
mukeshnuna,
buecherebooksmehrblog,
kaloriendoktor,
franco_1987_29_08,
pirschsusanna,
verenamieschner,
expertjakes_dobbs,
sam___sevda,
bitcoin_made_millionaires,
clergyquotes,
aditya__tikone,
tillerdigital,
littlelogostore,
diannetheartist,
ambitiousmillionaire,
sbalalaikin,
forexmademerich,
firefighter.fit.pro,
markusfrey_official,
sk_solution_consulting,
hp_life_style,
braindinx,
light_heart_academy,
dennis_lifestyle_888,
an.maria_,
dario.pelecca,
swanguzy_fabrics,
mercedesbenz.de,
annapaolamastria,
jsb.in,
ekaterinagorichen,
adammetropolis,
millionaireshive,
_haubermarco_,
thomasm.gangloff,
karinwiessmann,
family_on_travel,
marina.morawa,
sebissch,
xela3006,
forqueenpari,
abadmarketing,
savvycareerseeker,
agboola_joseph,
nonconformist32,
poprawazycia.pl,
startemart,
george_dempsey18,
anna.schaefer_createsuccess,
malerhildesheim,
parnemann_sven,
webdesign_kimweber,
cleverfiteckernfoerde,
bossonstage,
rng.lena,
danieloster1,
sanderellas_way,
vanessa_porciello,
deborahlifestyle,
kryptominer_nrw,
beyondpharmer,
chicaligirlstar,
lewis_altiefe,
i.es.c,
jeremldz,
entrepreneurs_bookclub,
businessdistinction,
sharecrypto,
den__sen.pro,
bitclub030,
mutbotschafter,
chrisb0002,
rsfilip,
steven__mlr,
jeanine_fi,
squeezemoreprofit,
thelaharrell,
createdreams_agency,
angganasalma,
adamdanish07,
finelinepics,
spacioss_coworking,
sidoniesmithofficial,
calumtshaw,
trob525,
transformingacm,
sixxelements,
expert_binary_options_trader,
iamtolga,
johnnynasrati,
unendlich_eventdesign,
zrufv_dingden,
der_wunschpunkt,
mind_and_passion_,
susanneenglert,
jo_manhattanite,
my.feminess,
tim__991,
bugmansbest,
vantagecommmiami,
cassidyclaire_fashion,
iamabrand,
_____francescairols,
arjun.kapoor.fanpage,
__reinventing__,
mystique_goddess,
joyfullivingproject,
sebastian_vogel_vb,
gino_v10,
justdoit.aleksandr_korolev,
rene2710,
_this_is_debbie_,
manuuu101,
tanjawatsons,
vertriebsfunk,
horsedesign_pferdehaarschmuck,
atendial_,
steveybhero,
zexler.ru,
s.h.e.b.a.d,
onestartup,
shelley.scales,
christopherbrown2045,
bettertomorrowgroup,
the.wise.tree,
bold.fx,
fertile_mind_land,
4_ever_successful,
winter.anthony.jordan,
mehdi_askari_90,
sergejheck,
happylifebycarmen,
everlrot,
esat20.02,
miss_dc13,
svenuhrmacher,
erfolg.motivation,
lucasroessler,
madcoachterry,
bellia200,
antoniordziii,
unixalbania,
jr.inspirator,
the.success.man,
jukkamer,
vinnystrongca,
al_nesf,
warriorswanted,
verena_bartsch,
simeonemediengestaltung,
lilyairich,
mississ_official,
andyntm,
ahmetkarahans,
coachphilritter,
xs_deaf_nation,
antonia21.life,
itrimwilhelm.lea,
kreatives_online_marketing,
travellikemax,
monicamcgahan89,
impiantids2015,
mark_easter_the_old_guy,
partnership_business,
loserslasvegas,
sustainablepapi,
total_transformation_fitness,
_briiiana,
sue_richards_coach,
bitcoinqueenz,
eveynkrumah,
adimeiss,
fraan.morales_,
businessprogress,
maxpfister98,
misslaniakarwan,
gaby_paolo__zm,
eren.corali,
kleinekata,
s.t.e.f.a_n,
ha_marcus,
l.auri1990,
leelepralines,
setupxpose,
topmodelmoscowglobal,
jpmoronta,
babylvcifur,
enterprenuer_cromwell,
wogjam_networks,
gents.rules,
waynorthmountie,
jovitamadojemu,
luxussachen.kaufen,
splendid.city,
mietautor,
charlijaykato,
brenda_laura5,
newsspews,
bbmediatv,
yourstrulyhub,
will__london,
intan_khalfani,
psych.aesthetics,
fms.g99,
luiv7_5,
goodnightfatty,
followmeskinny,
nanaequestriandesign,
reset__restart,
omnis_kampfsportakademie,
manuel_schmi,
rock_und_sam,
eren33de,
anja_brds,
fernandez.19,
felderhoffandco,
rattlesnakejakeb,
bettsfit,
smithking_media,
erinburkephotography,
_trickingwithjordan,
rico.gray.black,
freshday7,
power._.storm,
lauralauralinden,
heelamusiq,
tihonovmikle,
dunkinsdiamondsnewphiladelphia,
cntrolr,
makelifetap,
christina_marie_ashby,
alwina_s,
myworkoutswitzerland,
kingarosalie,
brandonrimes1,
thinkmotivational,
gonseresq,
quach.creations,
theradicalbrandlab,
lizbet.03,
14diamonds_,
relationshipinsightswithmercy,
myrawinsights,
mrfitgallery,
wealthofkingss,
dane_ti_,
sarahmueller_lifecoach,
norbi.v,
the_golden_boy95,
umutduyaroriginal,
jyrikeronen,
hunt4desire,
regent.d,
sultanim_official,
adelaidethunderfc,
schmaendels,
premiersolarcleaning,
aries641,
norbert_arz,
ilovepassiveincome,
alivetothrive,
harbinger_au,
spiritual.connextion,
elisabeth.v_iv,
coupleofinstagators,
photographybymeganmiranda,
whoisvirk,
rihlogy,
infinitemightyvibes,
denniskraus_medicoach,
helo_fit88,
azimsahu_khan,
trade_with_andre,
ethan_trader_,
realdigitalbusiness,
annarusso_30,
felishadrummond,
henriquelacerdaacessorios,
aceworldafrica,
naved_furious,
topofthehubusce,
advertisement_india,
yellowfrases,
jadore_loove,
motivart_official,
kekkamonti_riri,
perry_binder,
chanz_entrepreneur,
tylerwahlstroem,
luwpa,
toniundoli,
www_digi_minus_webshop_de,
juli_ane.ackermann,
